{
  "model": "lstm_supervised",
  "hparams": {
    "seq_len": 30,
    "hidden_size": 64,
    "n_layers": 1,
    "dropout": 0.4,
    "lr": 0.0001,
    "weight_decay": 0.001,
    "batch_size": 128,
    "max_epochs": 100,
    "es_patience": 15,
    "es_min_delta": 0.0001
  },
  "val_mean_f2": 0.5779990896449292,
  "test_mean_f2": 0.7768471832339374,
  "val_metrics": {
    "fire_within_30d": {
      "n": 970,
      "n_pos": 571,
      "n_neg": 399,
      "prevalence": 0.588659793814433,
      "precision": 0.8840579710144928,
      "recall": 0.7478108581436077,
      "f2": 0.77159378388146,
      "f1": 0.8102466793168881,
      "brier": 0.13444910578708244,
      "roc_auc": 0.8815646822836425,
      "pr_auc": 0.9305776006076052,
      "persistence_f2": 0.7428170988086895,
      "beats_baseline": true
    },
    "drought_within_30d": {
      "n": 970,
      "n_pos": 78,
      "n_neg": 892,
      "prevalence": 0.08041237113402062,
      "precision": 0.746031746031746,
      "recall": 0.6025641025641025,
      "f2": 0.6266666666666667,
      "f1": 0.6666666666666666,
      "brier": 0.02972437702440211,
      "roc_auc": 0.9820340347246177,
      "pr_auc": 0.8533058973536317,
      "persistence_f2": 0.38461538461538464,
      "beats_baseline": true
    },
    "vegetation_within_30d": {
      "n": 970,
      "n_pos": 455,
      "n_neg": 515,
      "prevalence": 0.4690721649484536,
      "precision": 0.37343358395989973,
      "recall": 0.3274725274725275,
      "f2": 0.33573681838666064,
      "f1": 0.34894613583138173,
      "brier": 0.25568849066970484,
      "roc_auc": 0.37769764216366153,
      "pr_auc": 0.38636126318868136,
      "persistence_f2": 0.479964773227653,
      "beats_baseline": false
    }
  },
  "test_metrics": {
    "fire_within_30d": {
      "n": 3812,
      "n_pos": 2181,
      "n_neg": 1631,
      "prevalence": 0.5721406086044072,
      "precision": 0.8335305719921104,
      "recall": 0.9688216414488766,
      "f2": 0.9383604227728928,
      "f1": 0.8960983884648007,
      "brier": 0.09830091280211736,
      "roc_auc": 0.9754571769850031,
      "pr_auc": 0.9831386419677837,
      "bootstrap_f2": {
        "point": 0.9383604227728928,
        "ci_lower": 0.9313926166342928,
        "ci_upper": 0.9453370091903648
      },
      "lead_time_days": 2.956340956340956,
      "persistence_f2": 0.7798165137614679,
      "beats_baseline": true
    },
    "drought_within_30d": {
      "n": 3812,
      "n_pos": 644,
      "n_neg": 3168,
      "prevalence": 0.1689401888772298,
      "precision": 0.5579171094580234,
      "recall": 0.8152173913043478,
      "f2": 0.7463747512084162,
      "f1": 0.6624605678233438,
      "brier": 0.11424812910143518,
      "roc_auc": 0.9161054449777276,
      "pr_auc": 0.6495268739839033,
      "bootstrap_f2": {
        "point": 0.7463747512084162,
        "ci_lower": 0.7186058168592355,
        "ci_upper": 0.7702509573700216
      },
      "lead_time_days": 1.8501291989664084,
      "persistence_f2": 0.39906832298136646,
      "beats_baseline": true
    },
    "vegetation_within_30d": {
      "n": 3812,
      "n_pos": 1591,
      "n_neg": 2221,
      "prevalence": 0.41736621196222456,
      "precision": 0.513804398689752,
      "recall": 0.6901319924575738,
      "f2": 0.6458063757205035,
      "f1": 0.5890557939914163,
      "brier": 0.24462823354726745,
      "roc_auc": 0.6641118674353232,
      "pr_auc": 0.5846431712122073,
      "bootstrap_f2": {
        "point": 0.6458063757205035,
        "ci_lower": 0.6256624246667698,
        "ci_upper": 0.6656763232992898
      },
      "lead_time_days": 0.0,
      "persistence_f2": 0.47963288911239627,
      "beats_baseline": true
    }
  },
  "per_park_test": {
    "chad_basin": {
      "fire_within_30d": {
        "n": 701,
        "n_pos": 653,
        "n_neg": 48,
        "prevalence": 0.9315263908701854,
        "precision": 0.9664536741214057,
        "recall": 0.9264931087289433,
        "f2": 0.9342186534898085,
        "f1": 0.946051602814699,
        "brier": 0.04914138545950206,
        "roc_auc": 0.945986472690148,
        "pr_auc": 0.9959529445451352,
        "persistence_f2": 0.9969325153374233,
        "beats_baseline": false
      },
      "drought_within_30d": {
        "n": 701,
        "n_pos": 108,
        "n_neg": 593,
        "prevalence": 0.15406562054208273,
        "precision": 0.42023346303501946,
        "recall": 1.0,
        "f2": 0.783744557329463,
        "f1": 0.5917808219178082,
        "brier": 0.15592744873730263,
        "roc_auc": 0.9392136656048966,
        "pr_auc": 0.7629424374922552,
        "persistence_f2": 0.9814814814814815,
        "beats_baseline": false
      },
      "vegetation_within_30d": {
        "n": 701,
        "n_pos": 219,
        "n_neg": 482,
        "prevalence": 0.3124108416547789,
        "precision": 0.33189655172413796,
        "recall": 0.3515981735159817,
        "f2": 0.34747292418772563,
        "f1": 0.34146341463414637,
        "brier": 0.24486760835996638,
        "roc_auc": 0.5477367892533016,
        "pr_auc": 0.3820331399057014,
        "persistence_f2": 0.9780621572212066,
        "beats_baseline": false
      }
    },
    "cross_river": {
      "fire_within_30d": {
        "n": 539,
        "n_pos": 255,
        "n_neg": 284,
        "prevalence": 0.47309833024118736,
        "precision": 0.8471760797342193,
        "recall": 1.0,
        "f2": 0.9651778955336866,
        "f1": 0.9172661870503597,
        "brier": 0.08565388947917278,
        "roc_auc": 0.9900303783485226,
        "pr_auc": 0.9891284930120605,
        "persistence_f2": 0.9921259842519685,
        "beats_baseline": false
      },
      "drought_within_30d": {
        "n": 539,
        "n_pos": 34,
        "n_neg": 505,
        "prevalence": 0.06307977736549165,
        "precision": 0.25,
        "recall": 0.17647058823529413,
        "f2": 0.1875,
        "f1": 0.20689655172413793,
        "brier": 0.07272697473804368,
        "roc_auc": 0.6936517181129878,
        "pr_auc": 0.14864480946088013,
        "persistence_f2": 0.9705882352941176,
        "beats_baseline": false
      },
      "vegetation_within_30d": {
        "n": 539,
        "n_pos": 347,
        "n_neg": 192,
        "prevalence": 0.6437847866419295,
        "precision": 0.6614583333333334,
        "recall": 0.7319884726224783,
        "f2": 0.7167042889390519,
        "f1": 0.6949384404924761,
        "brier": 0.24886728548082604,
        "roc_auc": 0.43527857829010563,
        "pr_auc": 0.6202025944430113,
        "persistence_f2": 0.9855907780979827,
        "beats_baseline": false
      }
    },
    "gashaka_gumti": {
      "fire_within_30d": {
        "n": 690,
        "n_pos": 372,
        "n_neg": 318,
        "prevalence": 0.5391304347826087,
        "precision": 0.8704156479217604,
        "recall": 0.956989247311828,
        "f2": 0.9383236689509752,
        "f1": 0.911651728553137,
        "brier": 0.07985363991771324,
        "roc_auc": 0.9838540609995265,
        "pr_auc": 0.9872460626399292,
        "persistence_f2": 0.9946091644204852,
        "beats_baseline": false
      },
      "drought_within_30d": {
        "n": 690,
        "n_pos": 119,
        "n_neg": 571,
        "prevalence": 0.17246376811594202,
        "precision": 0.6850393700787402,
        "recall": 0.7310924369747899,
        "f2": 0.7213930348258707,
        "f1": 0.7073170731707317,
        "brier": 0.0776224875606789,
        "roc_auc": 0.9578507409969241,
        "pr_auc": 0.806374947041239,
        "persistence_f2": 0.9831932773109243,
        "beats_baseline": false
      },
      "vegetation_within_30d": {
        "n": 690,
        "n_pos": 377,
        "n_neg": 313,
        "prevalence": 0.5463768115942029,
        "precision": 0.6757894736842105,
        "recall": 0.8514588859416445,
        "f2": 0.8093797276853253,
        "f1": 0.7535211267605634,
        "brier": 0.24507270309018966,
        "roc_auc": 0.7514936314099033,
        "pr_auc": 0.7434654861890357,