{
  "model": "rf_supervised",
  "best_params": {
    "n_estimators": 200,
    "max_depth": null,
    "min_samples_leaf": 5
  },
  "val_mean_f2": 0.6658573111172582,
  "test_mean_f2": 0.8565218639575715,
  "val_metrics": {
    "fire_within_30d": {
      "n": 970,
      "n_pos": 571,
      "n_neg": 399,
      "prevalence": 0.588659793814433,
      "precision": 0.9415094339622642,
      "recall": 0.8739054290718039,
      "f2": 0.8866382373845061,
      "f1": 0.9064486830154405,
      "brier": 0.08753000759901304,
      "roc_auc": 0.9313300765047471,
      "pr_auc": 0.9640424857367452,
      "persistence_f2": 0.7428170988086895,
      "beats_baseline": true
    },
    "drought_within_30d": {
      "n": 970,
      "n_pos": 78,
      "n_neg": 892,
      "prevalence": 0.08041237113402062,
      "precision": 0.7580645161290323,
      "recall": 0.6025641025641025,
      "f2": 0.6283422459893048,
      "f1": 0.6714285714285714,
      "brier": 0.03161557742101422,
      "roc_auc": 0.9700471426928826,
      "pr_auc": 0.8174446867151488,
      "persistence_f2": 0.38461538461538464,
      "beats_baseline": true
    },
    "vegetation_within_30d": {
      "n": 970,
      "n_pos": 455,
      "n_neg": 515,
      "prevalence": 0.4690721649484536,
      "precision": 0.48775055679287305,
      "recall": 0.48131868131868133,
      "f2": 0.4825914499779639,
      "f1": 0.48451327433628316,
      "brier": 0.310847589466748,
      "roc_auc": 0.486034353995519,
      "pr_auc": 0.4245530360628571,
      "persistence_f2": 0.479964773227653,
      "beats_baseline": true
    }
  },
  "test_metrics": {
    "fire_within_30d": {
      "n": 3812,
      "n_pos": 2181,
      "n_neg": 1631,
      "prevalence": 0.5721406086044072,
      "precision": 0.8799328295549959,
      "recall": 0.9610270518110958,
      "f2": 0.9436340716729695,
      "f1": 0.9186938417707649,
      "brier": 0.07274122880265704,
      "roc_auc": 0.9780603399685878,
      "pr_auc": 0.9848029034102276,
      "bootstrap_f2": {
        "point": 0.9436340716729695,
        "ci_lower": 0.9371052558456727,
        "ci_upper": 0.9503791542593724
      },
      "lead_time_days": 3.6465696465696467,
      "persistence_f2": 0.7798165137614679,
      "beats_baseline": true
    },
    "drought_within_30d": {
      "n": 3812,
      "n_pos": 644,
      "n_neg": 3168,
      "prevalence": 0.1689401888772298,
      "precision": 0.7263922518159807,
      "recall": 0.9316770186335404,
      "f2": 0.8818342151675485,
      "f1": 0.8163265306122449,
      "brier": 0.0601520019634857,
      "roc_auc": 0.968639716261999,
      "pr_auc": 0.8185310244931197,
      "bootstrap_f2": {
        "point": 0.8818342151675485,
        "ci_lower": 0.8635941423113019,
        "ci_upper": 0.8989877498745603
      },
      "lead_time_days": 3.056847545219638,
      "persistence_f2": 0.39906832298136646,
      "beats_baseline": true
    },
    "vegetation_within_30d": {
      "n": 3812,
      "n_pos": 1591,
      "n_neg": 2221,
      "prevalence": 0.41736621196222456,
      "precision": 0.6172106824925816,
      "recall": 0.7844123192960403,
      "f2": 0.7440973050321965,
      "f1": 0.6908386382507612,
      "brier": 0.20631181942601115,
      "roc_auc": 0.777279106274007,
      "pr_auc": 0.7086504456284509,
      "bootstrap_f2": {
        "point": 0.7440973050321965,
        "ci_lower": 0.7278296068024028,
        "ci_upper": 0.7601698149702139
      },
      "lead_time_days": 3.130434782608696,
      "persistence_f2": 0.47963288911239627,
      "beats_baseline": true
    }
  },
  "per_park_test": {
    "chad_basin": {
      "fire_within_30d": {
        "n": 701,
        "n_pos": 653,
        "n_neg": 48,
        "prevalence": 0.9315263908701854,
        "precision": 0.9408284023668639,
        "recall": 0.9739663093415007,
        "f2": 0.9671532846715328,
        "f1": 0.9571106094808126,
        "brier": 0.05124184557736763,
        "roc_auc": 0.9277692700357326,
        "pr_auc": 0.9947163014389193,
        "persistence_f2": 0.9969325153374233,
        "beats_baseline": false
      },
      "drought_within_30d": {
        "n": 701,
        "n_pos": 108,
        "n_neg": 593,
        "prevalence": 0.15406562054208273,
        "precision": 0.7448275862068966,
        "recall": 1.0,
        "f2": 0.9358752166377816,
        "f1": 0.8537549407114624,
        "brier": 0.04763754578725919,
        "roc_auc": 0.9986103303978515,
        "pr_auc": 0.9885750824357343,
        "persistence_f2": 0.9814814814814815,
        "beats_baseline": false
      },
      "vegetation_within_30d": {
        "n": 701,
        "n_pos": 219,
        "n_neg": 482,
        "prevalence": 0.3124108416547789,
        "precision": 0.5849056603773585,
        "recall": 0.4246575342465753,
        "f2": 0.4492753623188406,
        "f1": 0.49206349206349204,
        "brier": 0.20076479556848983,
        "roc_auc": 0.6827526099395593,
        "pr_auc": 0.5462563917764058,
        "persistence_f2": 0.9780621572212066,
        "beats_baseline": false
      }
    },
    "cross_river": {
      "fire_within_30d": {
        "n": 539,
        "n_pos": 255,
        "n_neg": 284,
        "prevalence": 0.47309833024118736,
        "precision": 0.8566433566433567,
        "recall": 0.9607843137254902,
        "f2": 0.9379785604900459,
        "f1": 0.9057301293900185,
        "brier": 0.08607721189576062,
        "roc_auc": 0.9741645954156312,
        "pr_auc": 0.9751359759849783,
        "persistence_f2": 0.9921259842519685,
        "beats_baseline": false
      },
      "drought_within_30d": {
        "n": 539,
        "n_pos": 34,
        "n_neg": 505,
        "prevalence": 0.06307977736549165,
        "precision": 0.559322033898305,
        "recall": 0.9705882352941176,
        "f2": 0.8461538461538461,
        "f1": 0.7096774193548387,
        "brier": 0.05061445938507435,
        "roc_auc": 0.9643564356435643,
        "pr_auc": 0.4863054021387271,
        "persistence_f2": 0.9705882352941176,
        "beats_baseline": false
      },
      "vegetation_within_30d": {
        "n": 539,
        "n_pos": 347,
        "n_neg": 192,
        "prevalence": 0.6437847866419295,
        "precision": 0.6644736842105263,
        "recall": 0.8731988472622478,
        "f2": 0.821583514099783,
        "f1": 0.7546699875466999,
        "brier": 0.226761341758207,
        "roc_auc": 0.6519572526416906,
        "pr_auc": 0.7275425353076805,
        "persistence_f2": 0.9855907780979827,
        "beats_baseline": false
      }
    },
    "gashaka_gumti": {
      "fire_within_30d": {
        "n": 690,
        "n_pos": 372,
        "n_neg": 318,
        "prevalence": 0.5391304347826087,
        "precision": 0.9543010752688172,
        "recall": 0.9543010752688172,
        "f2": 0.9543010752688172,
        "f1": 0.9543010752688172,
        "brier": 0.032962605593001945,
        "roc_auc": 0.9954774464056265,
        "pr_auc": 0.9962863776278768,
        "persistence_f2": 0.9946091644204852,
        "beats_baseline": false
      },
      "drought_within_30d": {
        "n": 690,
        "n_pos": 119,
        "n_neg": 571,
        "prevalence": 0.17246376811594202,
        "precision": 0.918918918918919,
        "recall": 0.8571428571428571,
        "f2": 0.868824531516184,
        "f1": 0.8869565217391304,
        "brier": 0.032995978521402805,
        "roc_auc": 0.9895804206095749,
        "pr_auc": 0.9485979547366159,
        "persistence_f2": 0.9831932773109243,
        "beats_baseline": false
      },
      "vegetation_within_30d": {
        "n": 690,
        "n_pos": 377,
        "n_neg": 313,
        "prevalence": 0.5463768115942029,
        "precision": 0.6044776119402985,
        "recall": 0.8594164456233422,
        "f2": 0.7925636007827789,
        "f1": 0.7097480832420592,
        "brier": 0.2671582362874909,
        "roc_auc": 0.6479436614943942,
        "pr_auc": 0.6949346004935844,
        "persistence_f2": 0.9814323607427056,
        "beats_baseline": false
      }
    },