{
  "model": "transformer_supervised",
  "hparams": {
    "seq_len": 30,
    "d_model": 64,
    "nhead": 4,
    "num_layers": 2,
    "dim_feedforward": 128,
    "dropout": 0.1,
    "lr": 0.0001,
    "weight_decay": 0.001,
    "batch_size": 128,
    "max_epochs": 100,
    "es_patience": 15,
    "es_min_delta": 0.0001
  },
  "val_mean_f2": 0.5340361819599364,
  "test_mean_f2": 0.6886465543498468,
  "val_metrics": {
    "fire_within_30d": {
      "n": 970,
      "n_pos": 571,
      "n_neg": 399,
      "prevalence": 0.588659793814433,
      "precision": 0.84251968503937,
      "recall": 0.7495621716287215,
      "f2": 0.7664756446991404,
      "f1": 0.7933271547729379,
      "brier": 0.15181889861173534,
      "roc_auc": 0.8417629011232108,
      "pr_auc": 0.9136842913102088,
      "persistence_f2": 0.7428170988086895,
      "beats_baseline": true
    },
    "drought_within_30d": {
      "n": 970,
      "n_pos": 78,
      "n_neg": 892,
      "prevalence": 0.08041237113402062,
      "precision": 0.6440677966101694,
      "recall": 0.48717948717948717,
      "f2": 0.5121293800539084,
      "f1": 0.5547445255474452,
      "brier": 0.04725586766868682,
      "roc_auc": 0.962170863516155,
      "pr_auc": 0.7070353712963505,
      "persistence_f2": 0.38461538461538464,
      "beats_baseline": true
    },
    "vegetation_within_30d": {
      "n": 970,
      "n_pos": 455,
      "n_neg": 515,
      "prevalence": 0.4690721649484536,
      "precision": 0.3252212389380531,
      "recall": 0.3230769230769231,
      "f2": 0.32350352112676056,
      "f1": 0.3241455347298787,
      "brier": 0.2537044880161122,
      "roc_auc": 0.3777616558199083,
      "pr_auc": 0.3752485870784865,
      "persistence_f2": 0.479964773227653,
      "beats_baseline": false
    }
  },
  "test_metrics": {
    "fire_within_30d": {
      "n": 3812,
      "n_pos": 2181,
      "n_neg": 1631,
      "prevalence": 0.5721406086044072,
      "precision": 0.8415605095541401,
      "recall": 0.9692801467216873,
      "f2": 0.9407262370950517,
      "f1": 0.9009162582569785,
      "brier": 0.09743553460925405,
      "roc_auc": 0.9674368486997259,
      "pr_auc": 0.9790983543825873,
      "bootstrap_f2": {
        "point": 0.9407262370950517,
        "ci_lower": 0.9340361080403476,
        "ci_upper": 0.9474305848997204
      },
      "lead_time_days": 2.9646569646569647,
      "persistence_f2": 0.7798165137614679,
      "beats_baseline": true
    },
    "drought_within_30d": {
      "n": 3812,
      "n_pos": 644,
      "n_neg": 3168,
      "prevalence": 0.1689401888772298,
      "precision": 0.5404663923182441,
      "recall": 0.6118012422360248,
      "f2": 0.5960665658093798,
      "f1": 0.5739257101238164,
      "brier": 0.10791185767832555,
      "roc_auc": 0.86785459407742,
      "pr_auc": 0.513152478671639,
      "bootstrap_f2": {
        "point": 0.5960665658093798,
        "ci_lower": 0.5634412062436732,
        "ci_upper": 0.6284015041316149
      },
      "lead_time_days": 1.925064599483204,
      "persistence_f2": 0.39906832298136646,
      "beats_baseline": true
    },
    "vegetation_within_30d": {
      "n": 3812,
      "n_pos": 1591,
      "n_neg": 2221,
      "prevalence": 0.41736621196222456,
      "precision": 0.5190184049079755,
      "recall": 0.5317410433689503,
      "f2": 0.5291468601451088,
      "f1": 0.5253027010245266,
      "brier": 0.2454909973515816,
      "roc_auc": 0.6699609832548064,
      "pr_auc": 0.615851010741854,
      "bootstrap_f2": {
        "point": 0.5291468601451088,
        "ci_lower": 0.5079815689532128,
        "ci_upper": 0.5508631618998165
      },
      "lead_time_days": 0.0,
      "persistence_f2": 0.47963288911239627,
      "beats_baseline": true
    }
  },
  "per_park_test": {
    "chad_basin": {
      "fire_within_30d": {
        "n": 701,
        "n_pos": 653,
        "n_neg": 48,
        "prevalence": 0.9315263908701854,
        "precision": 0.9754500818330606,
        "recall": 0.9127105666156202,
        "f2": 0.9246044058330748,
        "f1": 0.9430379746835443,
        "brier": 0.06302457996184473,
        "roc_auc": 0.9272269014803471,
        "pr_auc": 0.9946673401895428,
        "persistence_f2": 0.9969325153374233,
        "beats_baseline": false
      },
      "drought_within_30d": {
        "n": 701,
        "n_pos": 108,
        "n_neg": 593,
        "prevalence": 0.15406562054208273,
        "precision": 0.5813953488372093,
        "recall": 0.6944444444444444,
        "f2": 0.6684491978609626,
        "f1": 0.6329113924050633,
        "brier": 0.11761348370336688,
        "roc_auc": 0.8733058522265942,
        "pr_auc": 0.7286279213593995,
        "persistence_f2": 0.9814814814814815,
        "beats_baseline": false
      },
      "vegetation_within_30d": {
        "n": 701,
        "n_pos": 219,
        "n_neg": 482,
        "prevalence": 0.3124108416547789,
        "precision": 0.34810126582278483,
        "recall": 0.2511415525114155,
        "f2": 0.26595744680851063,
        "f1": 0.2917771883289125,
        "brier": 0.24666438510550082,
        "roc_auc": 0.5951562174349647,
        "pr_auc": 0.4219434668518797,
        "persistence_f2": 0.9780621572212066,
        "beats_baseline": false
      }
    },
    "cross_river": {
      "fire_within_30d": {
        "n": 539,
        "n_pos": 255,
        "n_neg": 284,
        "prevalence": 0.47309833024118736,
        "precision": 0.827922077922078,
        "recall": 1.0,
        "f2": 0.9600903614457831,
        "f1": 0.9058614564831261,
        "brier": 0.0890876206926687,
        "roc_auc": 0.9896989781828224,
        "pr_auc": 0.9880079423717522,
        "persistence_f2": 0.9921259842519685,
        "beats_baseline": false
      },
      "drought_within_30d": {
        "n": 539,
        "n_pos": 34,
        "n_neg": 505,
        "prevalence": 0.06307977736549165,
        "precision": 0.0,
        "recall": 0.0,
        "f2": 0.0,
        "f1": 0.0,
        "brier": 0.08469990476463968,
        "roc_auc": 0.6158998252766453,
        "pr_auc": 0.07508399332575072,
        "persistence_f2": 0.9705882352941176,
        "beats_baseline": false
      },
      "vegetation_within_30d": {
        "n": 539,
        "n_pos": 347,
        "n_neg": 192,
        "prevalence": 0.6437847866419295,
        "precision": 0.6635071090047393,
        "recall": 0.4034582132564842,
        "f2": 0.4377736085053158,
        "f1": 0.5017921146953405,
        "brier": 0.24811694275247173,
        "roc_auc": 0.512187800192123,
        "pr_auc": 0.7099357984396051,
        "persistence_f2": 0.9855907780979827,
        "beats_baseline": false
      }
    },
    "gashaka_gumti": {
      "fire_within_30d": {
        "n": 690,
        "n_pos": 372,
        "n_neg": 318,
        "prevalence": 0.5391304347826087,
        "precision": 0.9118387909319899,
        "recall": 0.9731182795698925,
        "f2": 0.9602122015915119,
        "f1": 0.94148244473342,
        "brier": 0.08359987225031601,
        "roc_auc": 0.9869733549739637,
        "pr_auc": 0.9889669709662614,
        "persistence_f2": 0.9946091644204852,
        "beats_baseline": false
      },
      "drought_within_30d": {
        "n": 690,
        "n_pos": 119,
        "n_neg": 571,
        "prevalence": 0.17246376811594202,
        "precision": 0.46616541353383456,
        "recall": 0.5210084033613446,
        "f2": 0.5090311986863711,
        "f1": 0.49206349206349204,
        "brier": 0.09941287119220213,
        "roc_auc": 0.9009992788709179,
        "pr_auc": 0.5525031391463809,
        "persistence_f2": 0.9831932773109243,
        "beats_baseline": false
      },
      "vegetation_within_30d": {
        "n": 690,
        "n_pos": 377,
        "n_neg": 313,
        "prevalence": 0.5463768115942029,
        "precision": 0.5720164609053497,
        "recall": 0.3687002652519894,
        "f2": 0.3969160479725871,
        "f1": 0.4483870967741935,
        "brier": 0.24721591525798756,
        "roc_auc": 0.6298039847119941,