{
  "model": "xgb_supervised",
  "best_params": {
    "n_estimators": 200,
    "max_depth": 4,
    "learning_rate": 0.05
  },
  "val_mean_f2": 0.61924087265465,
  "test_mean_f2": 0.8266564996215134,
  "val_metrics": {
    "fire_within_30d": {
      "n": 970,
      "n_pos": 571,
      "n_neg": 399,
      "prevalence": 0.588659793814433,
      "precision": 0.9501845018450185,
      "recall": 0.9019264448336253,
      "f2": 0.9111818825194621,
      "f1": 0.9254267744833783,
      "brier": 0.07488395939125003,
      "roc_auc": 0.9353550250407103,
      "pr_auc": 0.9670501731576644,
      "persistence_f2": 0.7428170988086895,
      "beats_baseline": true
    },
    "drought_within_30d": {
      "n": 970,
      "n_pos": 78,
      "n_neg": 892,
      "prevalence": 0.08041237113402062,
      "precision": 0.7285714285714285,
      "recall": 0.6538461538461539,
      "f2": 0.6675392670157068,
      "f1": 0.6891891891891891,
      "brier": 0.03646726777570984,
      "roc_auc": 0.9663820857767046,
      "pr_auc": 0.7685109695848531,
      "persistence_f2": 0.38461538461538464,
      "beats_baseline": true
    },
    "vegetation_within_30d": {
      "n": 970,
      "n_pos": 455,
      "n_neg": 515,
      "prevalence": 0.4690721649484536,
      "precision": 0.5112107623318386,
      "recall": 0.25054945054945055,
      "f2": 0.2790014684287812,
      "f1": 0.336283185840708,
      "brier": 0.24785023118452387,
      "roc_auc": 0.5457164195028272,
      "pr_auc": 0.5215399548050347,
      "persistence_f2": 0.479964773227653,
      "beats_baseline": false
    }
  },
  "test_metrics": {
    "fire_within_30d": {
      "n": 3812,
      "n_pos": 2181,
      "n_neg": 1631,
      "prevalence": 0.5721406086044072,
      "precision": 0.879881154499151,
      "recall": 0.9504814305364512,
      "f2": 0.9354693140794224,
      "f1": 0.9138197046506502,
      "brier": 0.07738210636571569,
      "roc_auc": 0.9763570392647498,
      "pr_auc": 0.9837449015665771,
      "bootstrap_f2": {
        "point": 0.9354693140794224,
        "ci_lower": 0.9277373234522307,
        "ci_upper": 0.9434388942557751
      },
      "lead_time_days": 3.632016632016632,
      "persistence_f2": 0.7798165137614679,
      "beats_baseline": true
    },
    "drought_within_30d": {
      "n": 3812,
      "n_pos": 644,
      "n_neg": 3168,
      "prevalence": 0.1689401888772298,
      "precision": 0.7028360049321825,
      "recall": 0.8850931677018633,
      "f2": 0.8414526129317981,
      "f1": 0.7835051546391752,
      "brier": 0.061266627872897224,
      "roc_auc": 0.9619599527887572,
      "pr_auc": 0.7823337215513365,
      "bootstrap_f2": {
        "point": 0.8414526129317981,
        "ci_lower": 0.8183147009466957,
        "ci_upper": 0.861830753104338
      },
      "lead_time_days": 3.695090439276486,
      "persistence_f2": 0.39906832298136646,
      "beats_baseline": true
    },
    "vegetation_within_30d": {
      "n": 3812,
      "n_pos": 1591,
      "n_neg": 2221,
      "prevalence": 0.41736621196222456,
      "precision": 0.664519906323185,
      "recall": 0.7133878064110623,
      "f2": 0.7030475718533201,
      "f1": 0.6880872991815702,
      "brier": 0.22945220483031878,
      "roc_auc": 0.7923389133665251,
      "pr_auc": 0.7532410601326032,
      "bootstrap_f2": {
        "point": 0.7030475718533201,
        "ci_lower": 0.684246371790072,
        "ci_upper": 0.7218375765261345
      },
      "lead_time_days": 0.0,
      "persistence_f2": 0.47963288911239627,
      "beats_baseline": true
    }
  },
  "per_park_test": {
    "chad_basin": {
      "fire_within_30d": {
        "n": 701,
        "n_pos": 653,
        "n_neg": 48,
        "prevalence": 0.9315263908701854,
        "precision": 0.9547581903276131,
        "recall": 0.9372128637059725,
        "f2": 0.9406701506301876,
        "f1": 0.9459041731066461,
        "brier": 0.06462815365258134,
        "roc_auc": 0.9276735579377232,
        "pr_auc": 0.9946462823672665,
        "persistence_f2": 0.9969325153374233,
        "beats_baseline": false
      },
      "drought_within_30d": {
        "n": 701,
        "n_pos": 108,
        "n_neg": 593,
        "prevalence": 0.15406562054208273,
        "precision": 0.7552447552447552,
        "recall": 1.0,
        "f2": 0.9391304347826087,
        "f1": 0.8605577689243028,
        "brier": 0.03650134962613483,
        "roc_auc": 0.9959402910499032,
        "pr_auc": 0.970166591505407,
        "persistence_f2": 0.9814814814814815,
        "beats_baseline": false
      },
      "vegetation_within_30d": {
        "n": 701,
        "n_pos": 219,
        "n_neg": 482,
        "prevalence": 0.3124108416547789,
        "precision": 0.71875,
        "recall": 0.2100456621004566,
        "f2": 0.24468085106382978,
        "f1": 0.3250883392226148,
        "brier": 0.22699363427840416,
        "roc_auc": 0.6421682866291518,
        "pr_auc": 0.5477750610835767,
        "persistence_f2": 0.9780621572212066,
        "beats_baseline": false
      }
    },
    "cross_river": {
      "fire_within_30d": {
        "n": 539,
        "n_pos": 255,
        "n_neg": 284,
        "prevalence": 0.47309833024118736,
        "precision": 0.8666666666666667,
        "recall": 0.9176470588235294,
        "f2": 0.9069767441860465,
        "f1": 0.8914285714285715,
        "brier": 0.09971738476643384,
        "roc_auc": 0.967688483844242,
        "pr_auc": 0.9698337399834798,
        "persistence_f2": 0.9921259842519685,
        "beats_baseline": false
      },
      "drought_within_30d": {
        "n": 539,
        "n_pos": 34,
        "n_neg": 505,
        "prevalence": 0.06307977736549165,
        "precision": 0.5483870967741935,
        "recall": 1.0,
        "f2": 0.8585858585858586,
        "f1": 0.7083333333333334,
        "brier": 0.040203071727647414,
        "roc_auc": 0.9567850902737332,
        "pr_auc": 0.4152753168471564,
        "persistence_f2": 0.9705882352941176,
        "beats_baseline": false
      },
      "vegetation_within_30d": {
        "n": 539,
        "n_pos": 347,
        "n_neg": 192,
        "prevalence": 0.6437847866419295,
        "precision": 0.719047619047619,
        "recall": 0.8703170028818443,
        "f2": 0.8351769911504425,
        "f1": 0.78748370273794,
        "brier": 0.23432449706626038,
        "roc_auc": 0.7822556436119116,
        "pr_auc": 0.881330355888065,
        "persistence_f2": 0.9855907780979827,
        "beats_baseline": false
      }
    },
    "gashaka_gumti": {
      "fire_within_30d": {
        "n": 690,
        "n_pos": 372,
        "n_neg": 318,
        "prevalence": 0.5391304347826087,
        "precision": 0.9834710743801653,
        "recall": 0.9596774193548387,
        "f2": 0.9643435980551054,
        "f1": 0.9714285714285714,
        "brier": 0.02551553621897589,
        "roc_auc": 0.9968553459119498,
        "pr_auc": 0.9974262370435081,
        "persistence_f2": 0.9946091644204852,
        "beats_baseline": false
      },
      "drought_within_30d": {
        "n": 690,
        "n_pos": 119,
        "n_neg": 571,
        "prevalence": 0.17246376811594202,
        "precision": 0.8552631578947368,
        "recall": 0.5462184873949579,
        "f2": 0.5887681159420289,
        "f1": 0.6666666666666666,
        "brier": 0.06027090931171459,
        "roc_auc": 0.9847091200753506,
        "pr_auc": 0.9170839115722802,
        "persistence_f2": 0.9831932773109243,
        "beats_baseline": false
      },
      "vegetation_within_30d": {
        "n": 690,
        "n_pos": 377,
        "n_neg": 313,
        "prevalence": 0.5463768115942029,
        "precision": 0.5923694779116466,
        "recall": 0.7824933687002652,
        "f2": 0.7352941176470589,
        "f1": 0.6742857142857143,
        "brier": 0.2406928812200412,
        "roc_auc": 0.6724010813467683,
        "pr_auc": 0.7019352508681924,
        "persistence_f2": 0.9814323607427056,
        "beats_baseline": false
      }
    },
    "kainji_lake": {
      "fire_within_30d": {
        "n": 635,